-- db/seed.sql
\c tailblazer_db

-- Inserting user data
INSERT INTO users (username, password_hash, email, profile_picture, bio, created_at, updated_at)
VALUES 
('demo', '$2b$10$.z68x3792U9LyBwmghfsKexstMO7i0SeNCoDmeJa7bEFPQBnZU3bK', 'demo@example.com','https://res.cloudinary.com/dvmczcg3f/image/upload/v1712638296/Tale%20Blazers/random_profile_pic_of_man_g9rlnd.jpg', 'I am the demo user, the test subject of the demiurge for this project. My sacrifice is one for the many users. It is a thankless job but alas someone must do it! I also like reading graphic novels and have a big fascination for all things H.P. Lovecraft.', NOW(), NOW()),
('MysticExplorer', '$2b$10$w0EWeXpWIVHv4B8FOMgJp.UoD5Z4UPK5BOrW/y7P2gazBcJh7gTt2', 'mysticexplorer@example.com','https://res.cloudinary.com/dvmczcg3f/image/upload/c_crop,ar_1:1/v1712641476/Tale%20Blazers/tree_profile_pic_fsyfmb.jpg', 'An avid reader with a penchant for mystical tales and ancient civilizations. Join me as I embark on journeys through the pages of history and fantasy!', '2024-04-01 08:00:00', '2024-04-01 08:00:00'),
('SciFiSleuth', '$2b$10$w0EWeXpWIVHv4B8FOMgJp.UoD5Z4UPK5BOrW/y7P2gazBcJh7gTt2', 'scifisleuth@example.com','https://res.cloudinary.com/dvmczcg3f/image/upload/c_crop,ar_1:1/v1712641706/Tale%20Blazers/person-in-hoodie-profile-pic_om2jcn.jpg', 'A lover of science fiction and mysteries of the cosmos. Let`s unravel the secrets of alien worlds and futuristic technologies together!', '2024-04-02 10:30:00', '2024-04-02 10:30:00'),
('GhostHunter', '$2b$10$w0EWeXpWIVHv4B8FOMgJp.UoD5Z4UPK5BOrW/y7P2gazBcJh7gTt2', 'ghosthunter@example.com','https://res.cloudinary.com/dvmczcg3f/image/upload/c_crop,ar_1:1/v1712642130/Tale%20Blazers/ghost_profile_pic_nozxxq.jpg', 'I delve into the chilling depths of horror and supernatural tales. Join me as I navigate through haunted houses and spectral encounters!', '2024-04-03 12:15:00', '2024-04-03 12:15:00'),
('EnchantedExplorer', '$2b$10$w0EWeXpWIVHv4B8FOMgJp.UoD5Z4UPK5BOrW/y7P2gazBcJh7gTt2', 'enchantedexplorer@example.com','https://res.cloudinary.com/dvmczcg3f/image/upload/c_crop,ar_1:1/v1712642472/Tale%20Blazers/tarot-cards-profile-pic_fv6p7p.jpg', 'A dreamer enchanted by the wonders of fantasy realms and magical forests. Let`s journey together into lands of myth and legend!', '2024-04-04 14:45:00', '2024-04-04 14:45:00'),
('AlienAdventurer', '$2b$10$w0EWeXpWIVHv4B8FOMgJp.UoD5Z4UPK5BOrW/y7P2gazBcJh7gTt2', 'alienadventurer@example.com','https://res.cloudinary.com/dvmczcg3f/image/upload/c_crop,ar_1:1/v1712641965/Tale%20Blazers/spider_profile_pic_obs0ek.jpg', 'An explorer of the unknown, fascinated by the possibilities of extraterrestrial life and cosmic exploration. Join me as we journey to the stars and beyond!', '2024-04-05 16:00:00', '2024-04-05 16:00:00');

-- Inserting story beginnings data

INSERT INTO story_beginnings (user_id, title, genre, description, body, created_at)
VALUES 
(1, 'The Forgotten City', 'Fantasy', 'Explore the ancient ruins of a forgotten civilization', 'As I stepped through the overgrown archway, I was immediately struck by the grandeur of the crumbling structures before me. Moss-covered statues loomed in the shadows, their faces weathered by centuries of neglect. The air was heavy with the scent of decay, yet there was an undeniable sense of magic lingering in the air. I knew that within these ruins lay the secrets of a lost civilization, waiting to be unearthed...', '2024-04-01 08:30:00'),
(2, 'The Abandoned Lab', 'Sci-Fi', 'Unravel the mysteries of a long-forgotten laboratory', 'Deep within the forest, hidden from prying eyes, lay the abandoned lab, its rusted doors beckoning me to uncover its secrets. As I cautiously made my way inside, the air grew stale and musty. Broken equipment littered the floor, covered in a thick layer of dust. Strange symbols adorned the walls, their meanings lost to time. It was clear that whatever experiments had taken place here were far beyond my understanding, but I couldn`t shake the feeling that I was being watched...', '2024-04-02 11:00:00'),
(3, 'The Ghost Ship', 'Horror', 'Brave the haunted waters aboard a spectral vessel', 'The fog rolled in thick and heavy as I boarded the old ship, unaware of the horrors that awaited me in the murky depths below. The wood creaked beneath my feet, echoing through the empty halls like the whispers of the dead. Shadows danced in the corners of my vision, and I could feel the icy grip of fear tightening around my heart. As I ventured further into the belly of the ship, I couldn`t shake the feeling that I was not alone. Something sinister lurked in the darkness, waiting to claim me as its next victim...', '2024-04-03 13:00:00'),
(4, 'The Enchanted Forest', 'Fantasy', 'Discover the secrets hidden within the mystical woods', 'With each step, the trees seemed to whisper secrets of ancient magic, drawing me deeper into the heart of the enchanted forest. Shafts of golden sunlight filtered through the canopy above, casting dappled patterns on the forest floor. Strange creatures darted through the underbrush, their eyes gleaming with curiosity. It was as if the very essence of the forest was alive, pulsing with an energy that I could feel humming beneath my skin. I knew that within these woods lay untold wonders, waiting to be discovered...', '2024-04-04 15:30:00'),
(5, 'The Alien Encounter', 'Sci-Fi', 'Confront extraterrestrial lifeforms on a distant planet', 'As I gazed up at the alien sky, I couldn`t shake the feeling of being watched. Little did I know, I was about to come face to face with beings from beyond the stars. A strange humming filled the air, and before I knew it, a beam of light enveloped me, transporting me to an alien world unlike anything I had ever seen. Strange flora and fauna surrounded me, their forms both beautiful and terrifying. And looming in the distance, I saw them – the aliens. With their advanced technology and otherworldly presence, I knew that this encounter would change everything...', '2024-04-05 17:00:00');

-- Inserting story endings data
INSERT INTO story_endings (title, body, created_at, story_beginnings_id, user_id)
VALUES 
('Discovery of the Ancient Artifact', 'With a sense of trepidation, I stepped forward into the darkness, ready to uncover the mysteries hidden within the forgotten city. After hours of exploration, I finally stumbled upon a chamber buried deep beneath the ruins. There, illuminated by a faint glow, lay the ancient artifact - a relic of untold power and significance. As I reached out to touch it, I felt a surge of energy coursing through me, and I knew that my destiny had been forever changed by this discovery.', '2024-04-03 09:15:00', 1, 1),
('Unearthing of Mystical Energy', 'As I explored deeper into the ruins, I stumbled upon an ancient artifact, pulsing with magical energy. Little did I know, my journey had only just begun. The artifact seemed to resonate with an otherworldly power, and as I reached out to touch it, I felt a strange connection forming. It was as if the artifact had chosen me for a greater purpose, pulling me into a world of magic and mystery beyond imagination. With newfound determination, I set out to unravel the secrets of this ancient relic, knowing that my destiny awaited me.', '2024-04-03 09:30:00', 1, 2),
('Vow to Return', 'Haunted by the whispers of the past, I made my way out of the ruins, vowing to return one day and unlock their secrets. Though I had found no treasure or ancient artifact, the journey had left an indelible mark upon my soul. The mysteries of the forgotten city would linger in my thoughts, driving me to seek answers in distant lands and lost civilizations. And so, with a heavy heart but a determined spirit, I departed from the ruins, knowing that my adventure had only just begun.', '2024-04-03 10:00:00', 1, 3),
('Historical Rewrite', 'With a mixture of excitement and fear, I entered the abandoned lab, eager to uncover its secrets and perhaps rewrite history. What I found within those decaying walls exceeded even my wildest expectations. The lab was a treasure trove of forgotten knowledge and groundbreaking discoveries, each experiment more astonishing than the last. As I pieced together the fragments of the past, I realized that I held the power to reshape the course of history itself. With newfound purpose, I set about recording my findings, determined to leave my mark on the world.', '2024-04-04 11:00:00', 2, 2),
('Chamber of Advanced Technology', 'As I made my way through the lab, I discovered a hidden chamber containing advanced technology beyond anything I had ever seen. The possibilities were endless. From alien artifacts to revolutionary inventions, the chamber held the key to unlocking humanity`s future. With trembling hands, I reached out to touch the strange devices, feeling the hum of power beneath my fingertips. In that moment, I knew that I stood on the threshold of a new era, one where the boundaries of science and imagination blurred into one.', '2024-04-04 11:30:00', 2, 3),
('Departure from the Haunted Ship', 'With a shiver down my spine, I left the ghost ship behind, knowing that some mysteries are better left unsolved. Though the ghostly whispers still echoed in my mind, I knew that I had survived where others had not. As I sailed away from that cursed vessel, I felt a weight lift from my shoulders, leaving me free to pursue new adventures and leave the haunted past behind. The sea stretched out before me, a vast expanse of possibility and promise. And so, with the wind at my back, I set course for the horizon, ready to face whatever lay ahead.', '2024-04-05 12:00:00', 3, 3),
('Emergence from the Enchanted Woods', 'As I emerged from the enchanted forest, I carried with me the memories of its beauty and wonder, forever changed by the magic I had encountered. Though my journey through the woods had been perilous, it had also been transformative, teaching me lessons I would carry with me for the rest of my days. With a sense of gratitude and reverence, I bid farewell to the enchanted realm, knowing that it would always hold a special place in my heart. And as I turned away, I felt the weight of the world lift from my shoulders, leaving me free to embark on new adventures with a renewed spirit and sense of purpose.', '2024-04-06 13:00:00', 4, 1),
('Farewell to the Enchanted Forest', 'With a heavy heart, I bid farewell to the enchanted forest, knowing that its secrets would forever linger in my dreams. Though my time among the ancient trees had been brief, it had left an indelible mark upon my soul, filling me with a sense of wonder and awe that I would carry with me for the rest of my days. As I walked away from the forest`s edge, I promised myself that I would return one day, to once again lose myself in its mystical depths and discover the magic that lay hidden within.', '2024-04-06 13:30:00', 4, 2),
('Return to Earth', 'With a sense of awe and wonder, I returned home, forever changed by my encounter with extraterrestrial life. The universe had become a much bigger place, filled with wonders beyond imagining. Though my journey among the stars had been brief, it had left an indelible mark upon my soul, filling me with a sense of wonder and possibility that I had never known before. And as I stepped back onto familiar soil, I knew that I carried with me the knowledge that I was.', '2024-04-07 14:00:00', 5, 1),
('Contemplation of the Cosmos', 'As I looked up at the stars, I couldn`t help but wonder what other worlds were out there, waiting to be explored. The adventure was just beginning. With a sense of anticipation and excitement, I gazed into the endless expanse of space, knowing that countless mysteries awaited discovery. Though my journey had brought me back to Earth, my spirit soared among the stars, ready to chart a course through the cosmos and explore the unknown.', '2024-04-07 14:30:00', 5, 2),
('Embarking on the Cosmic Journey', 'With a newfound sense of purpose, I set off into the unknown, eager to explore the cosmos and discover what lies beyond. As I boarded the spacecraft and felt the engines roar to life, I knew that I was embarking on the adventure of a lifetime. The stars beckoned to me, promising untold wonders and endless possibilities. With each passing moment, I left behind the familiar confines of Earth and soared towards the infinite expanse of the universe, ready to write my own destiny among the stars.', '2024-04-07 15:00:00', 5, 3);
